{
  "__version__": "1.0.0",
  "current-scene": "383d011e-4465-4eab-814a-611bd959e29e",
  "gizmos-infos": {
    "is2D": false,
    "is3DIcon": false,
    "iconSize": 2,
    "gridVisible": true,
    "gridColor": [
      150,
      150,
      150,
      255
    ],
    "isIconGizmo3D": false,
    "iconGizmoSize": 2,
    "isGridVisible": true
  },
  "camera-infos": {
    "f46876e4-e81b-4931-b493-6d367be385e7": {
      "position": {
        "x": 50,
        "y": 50,
        "z": 50
      },
      "rotation": {
        "x": -0.27984814233312133,
        "y": 0.3647051996310009,
        "z": 0.11591689595929514,
        "w": 0.8804762392171493
      },
      "viewCenter": {
        "x": 0,
        "y": 0,
        "z": 0
      }
    },
    "383d011e-4465-4eab-814a-611bd959e29e": {
      "position": {
        "x": 502.94854657169844,
        "y": 268.7848332455061,
        "z": 1578.5953246809484
      },
      "rotation": {
        "x": 0,
        "y": 0,
        "z": 0,
        "w": 1
      },
      "viewCenter": {
        "x": 502.94854657169844,
        "y": 268.7848332455061,
        "z": -83.68349634709057
      }
    }
  },
  "camera-uuids": [
    "383d011e-4465-4eab-814a-611bd959e29e"
  ]
}
